siteID,dateCollected,pelletLength,pelletDryMass,pelletID,species,genus,numberOfIndividuals,vertOrInvert
H31,2020-12-10,1.9,0.441,UCSB-IZC00041840,"Ammopelmatus sp. Tinkham, 1965",Ammopelmatus,0,Invertebrate
H31,2020-12-10,1.9,0.441,UCSB-IZC00041840,"Armadillidium sp. Brandt, 1831",Armadillidium,1,Invertebrate
H31,2020-12-10,1.9,0.441,UCSB-IZC00041840,"Calathus sp. Bonelli, 1810",Calathus,4,Invertebrate
H31,2020-12-10,1.9,0.441,UCSB-IZC00041840,"Forficula auricularia Linnaeus, 1758",Forficula,23,Invertebrate
H31,2020-12-10,1.9,0.441,UCSB-IZC00041840,"Mus musculus Linnaeus, 1758",Mus,0,Vertebrate
H31,2020-12-10,1.9,0.441,UCSB-IZC00041840,"Reithrodontomys megalotis Baird, 1857",Reithrodontomys,0,Vertebrate
H31,2020-12-10,1.9,0.441,UCSB-IZC00041840,Rodentia sp.,Rodentia,1,Vertebrate
H31,2020-12-10,1.9,0.441,UCSB-IZC00041840,"Thomomys bottae Eydoux and Gervais, 1836",Thomomys,0,Vertebrate
H31,2020-12-10,1.9,0.441,UCSB-IZC00041840,"Vespula sp. Thomson, 1869",Vespula,0,Invertebrate
AB3N,2021-07-04,2.4,1.264,UCSB-IZC00043586,"Ammopelmatus sp. Tinkham, 1965",Ammopelmatus,0,Invertebrate
AB3N,2021-07-04,2.4,1.264,UCSB-IZC00043586,"Armadillidium sp. Brandt, 1831",Armadillidium,35,Invertebrate
AB3N,2021-07-04,2.4,1.264,UCSB-IZC00043586,"Calathus sp. Bonelli, 1810",Calathus,7,Invertebrate
AB3N,2021-07-04,2.4,1.264,UCSB-IZC00043586,"Forficula auricularia Linnaeus, 1758",Forficula,78,Invertebrate
AB3N,2021-07-04,2.4,1.264,UCSB-IZC00043586,"Mus musculus Linnaeus, 1758",Mus,0,Vertebrate
AB3N,2021-07-04,2.4,1.264,UCSB-IZC00043586,"Reithrodontomys megalotis Baird, 1857",Reithrodontomys,2,Vertebrate
AB3N,2021-07-04,2.4,1.264,UCSB-IZC00043586,Rodentia sp.,Rodentia,0,Vertebrate
AB3N,2021-07-04,2.4,1.264,UCSB-IZC00043586,"Thomomys bottae Eydoux and Gervais, 1836",Thomomys,0,Vertebrate
AB3N,2021-07-04,2.4,1.264,UCSB-IZC00043586,"Vespula sp. Thomson, 1869",Vespula,0,Invertebrate
AB3N,2021-07-04,3.6,1.806,UCSB-IZC00043593,"Ammopelmatus sp. Tinkham, 1965",Ammopelmatus,0,Invertebrate
AB3N,2021-07-04,3.6,1.806,UCSB-IZC00043593,"Armadillidium sp. Brandt, 1831",Armadillidium,0,Invertebrate
AB3N,2021-07-04,3.6,1.806,UCSB-IZC00043593,"Calathus sp. Bonelli, 1810",Calathus,0,Invertebrate
AB3N,2021-07-04,3.6,1.806,UCSB-IZC00043593,"Forficula auricularia Linnaeus, 1758",Forficula,10,Invertebrate
AB3N,2021-07-04,3.6,1.806,UCSB-IZC00043593,"Mus musculus Linnaeus, 1758",Mus,2,Vertebrate
AB3N,2021-07-04,3.6,1.806,UCSB-IZC00043593,"Reithrodontomys megalotis Baird, 1857",Reithrodontomys,0,Vertebrate
AB3N,2021-07-04,3.6,1.806,UCSB-IZC00043593,Rodentia sp.,Rodentia,0,Vertebrate
AB3N,2021-07-04,3.6,1.806,UCSB-IZC00043593,"Thomomys bottae Eydoux and Gervais, 1836",Thomomys,0,Vertebrate
AB3N,2021-07-04,3.6,1.806,UCSB-IZC00043593,"Vespula sp. Thomson, 1869",Vespula,0,Invertebrate
AB3N,2021-07-01,1.7,0.326,UCSB-IZC00044826,"Ammopelmatus sp. Tinkham, 1965",Ammopelmatus,0,Invertebrate
AB3N,2021-07-01,1.7,0.326,UCSB-IZC00044826,"Armadillidium sp. Brandt, 1831",Armadillidium,0,Invertebrate
AB3N,2021-07-01,1.7,0.326,UCSB-IZC00044826,"Calathus sp. Bonelli, 1810",Calathus,12,Invertebrate
AB3N,2021-07-01,1.7,0.326,UCSB-IZC00044826,"Forficula auricularia Linnaeus, 1758",Forficula,18,Invertebrate
AB3N,2021-07-01,1.7,0.326,UCSB-IZC00044826,"Mus musculus Linnaeus, 1758",Mus,0,Vertebrate
AB3N,2021-07-01,1.7,0.326,UCSB-IZC00044826,"Reithrodontomys megalotis Baird, 1857",Reithrodontomys,0,Vertebrate
AB3N,2021-07-01,1.7,0.326,UCSB-IZC00044826,Rodentia sp.,Rodentia,0,Vertebrate
AB3N,2021-07-01,1.7,0.326,UCSB-IZC00044826,"Thomomys bottae Eydoux and Gervais, 1836",Thomomys,0,Vertebrate
AB3N,2021-07-01,1.7,0.326,UCSB-IZC00044826,"Vespula sp. Thomson, 1869",Vespula,0,Invertebrate
AB3N,2021-01-20,2.8,0.786,UCSB-IZC00044827,"Ammopelmatus sp. Tinkham, 1965",Ammopelmatus,0,Invertebrate
AB3N,2021-01-20,2.8,0.786,UCSB-IZC00044827,"Armadillidium sp. Brandt, 1831",Armadillidium,0,Invertebrate
AB3N,2021-01-20,2.8,0.786,UCSB-IZC00044827,"Calathus sp. Bonelli, 1810",Calathus,24,Invertebrate
AB3N,2021-01-20,2.8,0.786,UCSB-IZC00044827,"Forficula auricularia Linnaeus, 1758",Forficula,25,Invertebrate
AB3N,2021-01-20,2.8,0.786,UCSB-IZC00044827,"Mus musculus Linnaeus, 1758",Mus,0,Vertebrate
AB3N,2021-01-20,2.8,0.786,UCSB-IZC00044827,"Reithrodontomys megalotis Baird, 1857",Reithrodontomys,2,Vertebrate
AB3N,2021-01-20,2.8,0.786,UCSB-IZC00044827,Rodentia sp.,Rodentia,0,Vertebrate
AB3N,2021-01-20,2.8,0.786,UCSB-IZC00044827,"Thomomys bottae Eydoux and Gervais, 1836",Thomomys,0,Vertebrate
AB3N,2021-01-20,2.8,0.786,UCSB-IZC00044827,"Vespula sp. Thomson, 1869",Vespula,0,Invertebrate
AB3N,2020-12-04,3.7,1.655,UCSB-IZC00044853,"Ammopelmatus sp. Tinkham, 1965",Ammopelmatus,0,Invertebrate
AB3N,2020-12-04,3.7,1.655,UCSB-IZC00044853,"Armadillidium sp. Brandt, 1831",Armadillidium,0,Invertebrate
AB3N,2020-12-04,3.7,1.655,UCSB-IZC00044853,"Calathus sp. Bonelli, 1810",Calathus,1,Invertebrate
AB3N,2020-12-04,3.7,1.655,UCSB-IZC00044853,"Forficula auricularia Linnaeus, 1758",Forficula,5,Invertebrate
AB3N,2020-12-04,3.7,1.655,UCSB-IZC00044853,"Mus musculus Linnaeus, 1758",Mus,0,Vertebrate
AB3N,2020-12-04,3.7,1.655,UCSB-IZC00044853,"Reithrodontomys megalotis Baird, 1857",Reithrodontomys,0,Vertebrate
AB3N,2020-12-04,3.7,1.655,UCSB-IZC00044853,Rodentia sp.,Rodentia,0,Vertebrate
AB3N,2020-12-04,3.7,1.655,UCSB-IZC00044853,"Thomomys bottae Eydoux and Gervais, 1836",Thomomys,1,Vertebrate
AB3N,2020-12-04,3.7,1.655,UCSB-IZC00044853,"Vespula sp. Thomson, 1869",Vespula,0,Invertebrate
AB2S,2020-10-12,1.4,0.226,UCSB-IZC00044854,"Ammopelmatus sp. Tinkham, 1965",Ammopelmatus,0,Invertebrate
AB2S,2020-10-12,1.4,0.226,UCSB-IZC00044854,"Armadillidium sp. Brandt, 1831",Armadillidium,0,Invertebrate
AB2S,2020-10-12,1.4,0.226,UCSB-IZC00044854,"Calathus sp. Bonelli, 1810",Calathus,56,Invertebrate
AB2S,2020-10-12,1.4,0.226,UCSB-IZC00044854,"Forficula auricularia Linnaeus, 1758",Forficula,39,Invertebrate
AB2S,2020-10-12,1.4,0.226,UCSB-IZC00044854,"Mus musculus Linnaeus, 1758",Mus,0,Vertebrate
AB2S,2020-10-12,1.4,0.226,UCSB-IZC00044854,"Reithrodontomys megalotis Baird, 1857",Reithrodontomys,0,Vertebrate
AB2S,2020-10-12,1.4,0.226,UCSB-IZC00044854,Rodentia sp.,Rodentia,0,Vertebrate
AB2S,2020-10-12,1.4,0.226,UCSB-IZC00044854,"Thomomys bottae Eydoux and Gervais, 1836",Thomomys,0,Vertebrate
AB2S,2020-10-12,1.4,0.226,UCSB-IZC00044854,"Vespula sp. Thomson, 1869",Vespula,0,Invertebrate
AB3N,2020-12-04,1.6,0.615,UCSB-IZC00044859,"Ammopelmatus sp. Tinkham, 1965",Ammopelmatus,0,Invertebrate
AB3N,2020-12-04,1.6,0.615,UCSB-IZC00044859,"Armadillidium sp. Brandt, 1831",Armadillidium,0,Invertebrate
AB3N,2020-12-04,1.6,0.615,UCSB-IZC00044859,"Calathus sp. Bonelli, 1810",Calathus,25,Invertebrate
AB3N,2020-12-04,1.6,0.615,UCSB-IZC00044859,"Forficula auricularia Linnaeus, 1758",Forficula,39,Invertebrate
AB3N,2020-12-04,1.6,0.615,UCSB-IZC00044859,"Mus musculus Linnaeus, 1758",Mus,0,Vertebrate
AB3N,2020-12-04,1.6,0.615,UCSB-IZC00044859,"Reithrodontomys megalotis Baird, 1857",Reithrodontomys,0,Vertebrate
AB3N,2020-12-04,1.6,0.615,UCSB-IZC00044859,Rodentia sp.,Rodentia,1,Vertebrate
AB3N,2020-12-04,1.6,0.615,UCSB-IZC00044859,"Thomomys bottae Eydoux and Gervais, 1836",Thomomys,0,Vertebrate
AB3N,2020-12-04,1.6,0.615,UCSB-IZC00044859,"Vespula sp. Thomson, 1869",Vespula,0,Invertebrate
AB2S,2020-10-12,2.1,0.623,UCSB-IZC00044860,"Ammopelmatus sp. Tinkham, 1965",Ammopelmatus,0,Invertebrate
AB2S,2020-10-12,2.1,0.623,UCSB-IZC00044860,"Armadillidium sp. Brandt, 1831",Armadillidium,0,Invertebrate
AB2S,2020-10-12,2.1,0.623,UCSB-IZC00044860,"Calathus sp. Bonelli, 1810",Calathus,20,Invertebrate
AB2S,2020-10-12,2.1,0.623,UCSB-IZC00044860,"Forficula auricularia Linnaeus, 1758",Forficula,16,Invertebrate
AB2S,2020-10-12,2.1,0.623,UCSB-IZC00044860,"Mus musculus Linnaeus, 1758",Mus,0,Vertebrate
AB2S,2020-10-12,2.1,0.623,UCSB-IZC00044860,"Reithrodontomys megalotis Baird, 1857",Reithrodontomys,1,Vertebrate
AB2S,2020-10-12,2.1,0.623,UCSB-IZC00044860,Rodentia sp.,Rodentia,0,Vertebrate
AB2S,2020-10-12,2.1,0.623,UCSB-IZC00044860,"Thomomys bottae Eydoux and Gervais, 1836",Thomomys,0,Vertebrate
AB2S,2020-10-12,2.1,0.623,UCSB-IZC00044860,"Vespula sp. Thomson, 1869",Vespula,0,Invertebrate
AB2S,2020-10-12,3,1.187,UCSB-IZC00044866,"Ammopelmatus sp. Tinkham, 1965",Ammopelmatus,0,Invertebrate
AB2S,2020-10-12,3,1.187,UCSB-IZC00044866,"Armadillidium sp. Brandt, 1831",Armadillidium,0,Invertebrate
AB2S,2020-10-12,3,1.187,UCSB-IZC00044866,"Calathus sp. Bonelli, 1810",Calathus,12,Invertebrate
AB2S,2020-10-12,3,1.187,UCSB-IZC00044866,"Forficula auricularia Linnaeus, 1758",Forficula,36,Invertebrate
AB2S,2020-10-12,3,1.187,UCSB-IZC00044866,"Mus musculus Linnaeus, 1758",Mus,0,Vertebrate
AB2S,2020-10-12,3,1.187,UCSB-IZC00044866,"Reithrodontomys megalotis Baird, 1857",Reithrodontomys,3,Vertebrate
AB2S,2020-10-12,3,1.187,UCSB-IZC00044866,Rodentia sp.,Rodentia,0,Vertebrate
AB2S,2020-10-12,3,1.187,UCSB-IZC00044866,"Thomomys bottae Eydoux and Gervais, 1836",Thomomys,0,Vertebrate
AB2S,2020-10-12,3,1.187,UCSB-IZC00044866,"Vespula sp. Thomson, 1869",Vespula,0,Invertebrate
Pyramid Rock,2020-12-21,2.5,0.753,UCSB-IZC00045486,"Ammopelmatus sp. Tinkham, 1965",Ammopelmatus,0,Invertebrate
Pyramid Rock,2020-12-21,2.5,0.753,UCSB-IZC00045486,"Armadillidium sp. Brandt, 1831",Armadillidium,0,Invertebrate
Pyramid Rock,2020-12-21,2.5,0.753,UCSB-IZC00045486,"Calathus sp. Bonelli, 1810",Calathus,9,Invertebrate
Pyramid Rock,2020-12-21,2.5,0.753,UCSB-IZC00045486,"Forficula auricularia Linnaeus, 1758",Forficula,6,Invertebrate
Pyramid Rock,2020-12-21,2.5,0.753,UCSB-IZC00045486,"Mus musculus Linnaeus, 1758",Mus,0,Vertebrate
Pyramid Rock,2020-12-21,2.5,0.753,UCSB-IZC00045486,"Reithrodontomys megalotis Baird, 1857",Reithrodontomys,0,Vertebrate
Pyramid Rock,2020-12-21,2.5,0.753,UCSB-IZC00045486,Rodentia sp.,Rodentia,1,Vertebrate
Pyramid Rock,2020-12-21,2.5,0.753,UCSB-IZC00045486,"Thomomys bottae Eydoux and Gervais, 1836",Thomomys,0,Vertebrate
Pyramid Rock,2020-12-21,2.5,0.753,UCSB-IZC00045486,"Vespula sp. Thomson, 1869",Vespula,0,Invertebrate
AB2S,2021-04-16,2.7,0.984,UCSB-IZC00045491,"Ammopelmatus sp. Tinkham, 1965",Ammopelmatus,0,Invertebrate
AB2S,2021-04-16,2.7,0.984,UCSB-IZC00045491,"Armadillidium sp. Brandt, 1831",Armadillidium,0,Invertebrate
AB2S,2021-04-16,2.7,0.984,UCSB-IZC00045491,"Calathus sp. Bonelli, 1810",Calathus,2,Invertebrate
AB2S,2021-04-16,2.7,0.984,UCSB-IZC00045491,"Forficula auricularia Linnaeus, 1758",Forficula,10,Invertebrate
AB2S,2021-04-16,2.7,0.984,UCSB-IZC00045491,"Mus musculus Linnaeus, 1758",Mus,0,Vertebrate
AB2S,2021-04-16,2.7,0.984,UCSB-IZC00045491,"Reithrodontomys megalotis Baird, 1857",Reithrodontomys,0,Vertebrate
AB2S,2021-04-16,2.7,0.984,UCSB-IZC00045491,Rodentia sp.,Rodentia,2,Vertebrate
AB2S,2021-04-16,2.7,0.984,UCSB-IZC00045491,"Thomomys bottae Eydoux and Gervais, 1836",Thomomys,0,Vertebrate
AB2S,2021-04-16,2.7,0.984,UCSB-IZC00045491,"Vespula sp. Thomson, 1869",Vespula,0,Invertebrate
AB3S,2021-04-16,1.6,0.497,UCSB-IZC00045499,"Ammopelmatus sp. Tinkham, 1965",Ammopelmatus,0,Invertebrate
AB3S,2021-04-16,1.6,0.497,UCSB-IZC00045499,"Armadillidium sp. Brandt, 1831",Armadillidium,15,Invertebrate
AB3S,2021-04-16,1.6,0.497,UCSB-IZC00045499,"Calathus sp. Bonelli, 1810",Calathus,1,Invertebrate
AB3S,2021-04-16,1.6,0.497,UCSB-IZC00045499,"Forficula auricularia Linnaeus, 1758",Forficula,36,Invertebrate
AB3S,2021-04-16,1.6,0.497,UCSB-IZC00045499,"Mus musculus Linnaeus, 1758",Mus,0,Vertebrate
AB3S,2021-04-16,1.6,0.497,UCSB-IZC00045499,"Reithrodontomys megalotis Baird, 1857",Reithrodontomys,0,Vertebrate
AB3S,2021-04-16,1.6,0.497,UCSB-IZC00045499,Rodentia sp.,Rodentia,0,Vertebrate
AB3S,2021-04-16,1.6,0.497,UCSB-IZC00045499,"Thomomys bottae Eydoux and Gervais, 1836",Thomomys,0,Vertebrate
AB3S,2021-04-16,1.6,0.497,UCSB-IZC00045499,"Vespula sp. Thomson, 1869",Vespula,0,Invertebrate
Pyramid Rock,2020-12-12,2.2,1.062,UCSB-IZC00045511,"Ammopelmatus sp. Tinkham, 1965",Ammopelmatus,0,Invertebrate
Pyramid Rock,2020-12-12,2.2,1.062,UCSB-IZC00045511,"Armadillidium sp. Brandt, 1831",Armadillidium,0,Invertebrate
Pyramid Rock,2020-12-12,2.2,1.062,UCSB-IZC00045511,"Calathus sp. Bonelli, 1810",Calathus,12,Invertebrate
Pyramid Rock,2020-12-12,2.2,1.062,UCSB-IZC00045511,"Forficula auricularia Linnaeus, 1758",Forficula,41,Invertebrate
Pyramid Rock,2020-12-12,2.2,1.062,UCSB-IZC00045511,"Mus musculus Linnaeus, 1758",Mus,0,Vertebrate
Pyramid Rock,2020-12-12,2.2,1.062,UCSB-IZC00045511,"Reithrodontomys megalotis Baird, 1857",Reithrodontomys,1,Vertebrate
Pyramid Rock,2020-12-12,2.2,1.062,UCSB-IZC00045511,Rodentia sp.,Rodentia,0,Vertebrate
Pyramid Rock,2020-12-12,2.2,1.062,UCSB-IZC00045511,"Thomomys bottae Eydoux and Gervais, 1836",Thomomys,0,Vertebrate
Pyramid Rock,2020-12-12,2.2,1.062,UCSB-IZC00045511,"Vespula sp. Thomson, 1869",Vespula,0,Invertebrate
Pyramid Rock,2020-12-21,2,0.433,UCSB-IZC00045535,"Ammopelmatus sp. Tinkham, 1965",Ammopelmatus,0,Invertebrate
Pyramid Rock,2020-12-21,2,0.433,UCSB-IZC00045535,"Armadillidium sp. Brandt, 1831",Armadillidium,0,Invertebrate
Pyramid Rock,2020-12-21,2,0.433,UCSB-IZC00045535,"Calathus sp. Bonelli, 1810",Calathus,1,Invertebrate
Pyramid Rock,2020-12-21,2,0.433,UCSB-IZC00045535,"Forficula auricularia Linnaeus, 1758",Forficula,6,Invertebrate
Pyramid Rock,2020-12-21,2,0.433,UCSB-IZC00045535,"Mus musculus Linnaeus, 1758",Mus,0,Vertebrate
Pyramid Rock,2020-12-21,2,0.433,UCSB-IZC00045535,"Reithrodontomys megalotis Baird, 1857",Reithrodontomys,2,Vertebrate
Pyramid Rock,2020-12-21,2,0.433,UCSB-IZC00045535,Rodentia sp.,Rodentia,0,Vertebrate
Pyramid Rock,2020-12-21,2,0.433,UCSB-IZC00045535,"Thomomys bottae Eydoux and Gervais, 1836",Thomomys,0,Vertebrate
Pyramid Rock,2020-12-21,2,0.433,UCSB-IZC00045535,"Vespula sp. Thomson, 1869",Vespula,0,Invertebrate
AB3S,2021-04-16,1.8,0.547,UCSB-IZC00045907,"Ammopelmatus sp. Tinkham, 1965",Ammopelmatus,0,Invertebrate
AB3S,2021-04-16,1.8,0.547,UCSB-IZC00045907,"Armadillidium sp. Brandt, 1831",Armadillidium,60,Invertebrate
AB3S,2021-04-16,1.8,0.547,UCSB-IZC00045907,"Calathus sp. Bonelli, 1810",Calathus,56,Invertebrate
AB3S,2021-04-16,1.8,0.547,UCSB-IZC00045907,"Forficula auricularia Linnaeus, 1758",Forficula,0,Invertebrate
AB3S,2021-04-16,1.8,0.547,UCSB-IZC00045907,"Mus musculus Linnaeus, 1758",Mus,0,Vertebrate
AB3S,2021-04-16,1.8,0.547,UCSB-IZC00045907,"Reithrodontomys megalotis Baird, 1857",Reithrodontomys,0,Vertebrate
AB3S,2021-04-16,1.8,0.547,UCSB-IZC00045907,Rodentia sp.,Rodentia,0,Vertebrate
AB3S,2021-04-16,1.8,0.547,UCSB-IZC00045907,"Thomomys bottae Eydoux and Gervais, 1836",Thomomys,0,Vertebrate
AB3S,2021-04-16,1.8,0.547,UCSB-IZC00045907,"Vespula sp. Thomson, 1869",Vespula,0,Invertebrate
AB3S,2021-04-16,1.8,0.291,UCSB-IZC00045913,"Ammopelmatus sp. Tinkham, 1965",Ammopelmatus,0,Invertebrate
AB3S,2021-04-16,1.8,0.291,UCSB-IZC00045913,"Armadillidium sp. Brandt, 1831",Armadillidium,0,Invertebrate
AB3S,2021-04-16,1.8,0.291,UCSB-IZC00045913,"Calathus sp. Bonelli, 1810",Calathus,7,Invertebrate
AB3S,2021-04-16,1.8,0.291,UCSB-IZC00045913,"Forficula auricularia Linnaeus, 1758",Forficula,11,Invertebrate
AB3S,2021-04-16,1.8,0.291,UCSB-IZC00045913,"Mus musculus Linnaeus, 1758",Mus,0,Vertebrate
AB3S,2021-04-16,1.8,0.291,UCSB-IZC00045913,"Reithrodontomys megalotis Baird, 1857",Reithrodontomys,0,Vertebrate
AB3S,2021-04-16,1.8,0.291,UCSB-IZC00045913,Rodentia sp.,Rodentia,0,Vertebrate
AB3S,2021-04-16,1.8,0.291,UCSB-IZC00045913,"Thomomys bottae Eydoux and Gervais, 1836",Thomomys,0,Vertebrate
AB3S,2021-04-16,1.8,0.291,UCSB-IZC00045913,"Vespula sp. Thomson, 1869",Vespula,0,Invertebrate
AB3S,2021-04-16,1.6,0.441,UCSB-IZC00045947,"Ammopelmatus sp. Tinkham, 1965",Ammopelmatus,0,Invertebrate
AB3S,2021-04-16,1.6,0.441,UCSB-IZC00045947,"Armadillidium sp. Brandt, 1831",Armadillidium,39,Invertebrate
AB3S,2021-04-16,1.6,0.441,UCSB-IZC00045947,"Calathus sp. Bonelli, 1810",Calathus,23,Invertebrate
AB3S,2021-04-16,1.6,0.441,UCSB-IZC00045947,"Forficula auricularia Linnaeus, 1758",Forficula,16,Invertebrate
AB3S,2021-04-16,1.6,0.441,UCSB-IZC00045947,"Mus musculus Linnaeus, 1758",Mus,0,Vertebrate
AB3S,2021-04-16,1.6,0.441,UCSB-IZC00045947,"Reithrodontomys megalotis Baird, 1857",Reithrodontomys,0,Vertebrate
AB3S,2021-04-16,1.6,0.441,UCSB-IZC00045947,Rodentia sp.,Rodentia,0,Vertebrate
AB3S,2021-04-16,1.6,0.441,UCSB-IZC00045947,"Thomomys bottae Eydoux and Gervais, 1836",Thomomys,0,Vertebrate
AB3S,2021-04-16,1.6,0.441,UCSB-IZC00045947,"Vespula sp. Thomson, 1869",Vespula,0,Invertebrate
AB3S,2021-04-16,2.3,0.616,UCSB-IZC00045948,"Ammopelmatus sp. Tinkham, 1965",Ammopelmatus,0,Invertebrate
AB3S,2021-04-16,2.3,0.616,UCSB-IZC00045948,"Armadillidium sp. Brandt, 1831",Armadillidium,2,Invertebrate
AB3S,2021-04-16,2.3,0.616,UCSB-IZC00045948,"Calathus sp. Bonelli, 1810",Calathus,3,Invertebrate
AB3S,2021-04-16,2.3,0.616,UCSB-IZC00045948,"Forficula auricularia Linnaeus, 1758",Forficula,12,Invertebrate
AB3S,2021-04-16,2.3,0.616,UCSB-IZC00045948,"Mus musculus Linnaeus, 1758",Mus,0,Vertebrate
AB3S,2021-04-16,2.3,0.616,UCSB-IZC00045948,"Reithrodontomys megalotis Baird, 1857",Reithrodontomys,0,Vertebrate
AB3S,2021-04-16,2.3,0.616,UCSB-IZC00045948,Rodentia sp.,Rodentia,0,Vertebrate
AB3S,2021-04-16,2.3,0.616,UCSB-IZC00045948,"Thomomys bottae Eydoux and Gervais, 1836",Thomomys,0,Vertebrate
AB3S,2021-04-16,2.3,0.616,UCSB-IZC00045948,"Vespula sp. Thomson, 1869",Vespula,0,Invertebrate
Pyramid Rock,2020-12-21,2.9,0.917,UCSB-IZC00045957,"Ammopelmatus sp. Tinkham, 1965",Ammopelmatus,0,Invertebrate
Pyramid Rock,2020-12-21,2.9,0.917,UCSB-IZC00045957,"Armadillidium sp. Brandt, 1831",Armadillidium,0,Invertebrate
Pyramid Rock,2020-12-21,2.9,0.917,UCSB-IZC00045957,"Calathus sp. Bonelli, 1810",Calathus,0,Invertebrate
Pyramid Rock,2020-12-21,2.9,0.917,UCSB-IZC00045957,"Forficula auricularia Linnaeus, 1758",Forficula,8,Invertebrate
Pyramid Rock,2020-12-21,2.9,0.917,UCSB-IZC00045957,"Mus musculus Linnaeus, 1758",Mus,0,Vertebrate
Pyramid Rock,2020-12-21,2.9,0.917,UCSB-IZC00045957,"Reithrodontomys megalotis Baird, 1857",Reithrodontomys,0,Vertebrate
Pyramid Rock,2020-12-21,2.9,0.917,UCSB-IZC00045957,Rodentia sp.,Rodentia,0,Vertebrate
Pyramid Rock,2020-12-21,2.9,0.917,UCSB-IZC00045957,"Thomomys bottae Eydoux and Gervais, 1836",Thomomys,0,Vertebrate
Pyramid Rock,2020-12-21,2.9,0.917,UCSB-IZC00045957,"Vespula sp. Thomson, 1869",Vespula,2,Invertebrate
H31,2020-02-10,1.9,0.51,UCSB-IZC00046046,"Ammopelmatus sp. Tinkham, 1965",Ammopelmatus,0,Invertebrate
H31,2020-02-10,1.9,0.51,UCSB-IZC00046046,"Armadillidium sp. Brandt, 1831",Armadillidium,1,Invertebrate
H31,2020-02-10,1.9,0.51,UCSB-IZC00046046,"Calathus sp. Bonelli, 1810",Calathus,2,Invertebrate
H31,2020-02-10,1.9,0.51,UCSB-IZC00046046,"Forficula auricularia Linnaeus, 1758",Forficula,16,Invertebrate
H31,2020-02-10,1.9,0.51,UCSB-IZC00046046,"Mus musculus Linnaeus, 1758",Mus,1,Vertebrate
H31,2020-02-10,1.9,0.51,UCSB-IZC00046046,"Reithrodontomys megalotis Baird, 1857",Reithrodontomys,0,Vertebrate
H31,2020-02-10,1.9,0.51,UCSB-IZC00046046,Rodentia sp.,Rodentia,0,Vertebrate
H31,2020-02-10,1.9,0.51,UCSB-IZC00046046,"Thomomys bottae Eydoux and Gervais, 1836",Thomomys,0,Vertebrate
H31,2020-02-10,1.9,0.51,UCSB-IZC00046046,"Vespula sp. Thomson, 1869",Vespula,0,Invertebrate
AB3,2021-04-16,2.2,0.344,UCSB-IZC00046051,"Ammopelmatus sp. Tinkham, 1965",Ammopelmatus,0,Invertebrate
AB3,2021-04-16,2.2,0.344,UCSB-IZC00046051,"Armadillidium sp. Brandt, 1831",Armadillidium,0,Invertebrate
AB3,2021-04-16,2.2,0.344,UCSB-IZC00046051,"Calathus sp. Bonelli, 1810",Calathus,1,Invertebrate
AB3,2021-04-16,2.2,0.344,UCSB-IZC00046051,"Forficula auricularia Linnaeus, 1758",Forficula,25,Invertebrate
AB3,2021-04-16,2.2,0.344,UCSB-IZC00046051,"Mus musculus Linnaeus, 1758",Mus,0,Vertebrate
AB3,2021-04-16,2.2,0.344,UCSB-IZC00046051,"Reithrodontomys megalotis Baird, 1857",Reithrodontomys,0,Vertebrate
AB3,2021-04-16,2.2,0.344,UCSB-IZC00046051,Rodentia sp.,Rodentia,0,Vertebrate
AB3,2021-04-16,2.2,0.344,UCSB-IZC00046051,"Thomomys bottae Eydoux and Gervais, 1836",Thomomys,0,Vertebrate
AB3,2021-04-16,2.2,0.344,UCSB-IZC00046051,"Vespula sp. Thomson, 1869",Vespula,0,Invertebrate
AB3S,2021-04-16,2,0.738,UCSB-IZC00046321,"Ammopelmatus sp. Tinkham, 1965",Ammopelmatus,0,Invertebrate
AB3S,2021-04-16,2,0.738,UCSB-IZC00046321,"Armadillidium sp. Brandt, 1831",Armadillidium,90,Invertebrate
AB3S,2021-04-16,2,0.738,UCSB-IZC00046321,"Calathus sp. Bonelli, 1810",Calathus,4,Invertebrate
AB3S,2021-04-16,2,0.738,UCSB-IZC00046321,"Forficula auricularia Linnaeus, 1758",Forficula,16,Invertebrate
AB3S,2021-04-16,2,0.738,UCSB-IZC00046321,"Mus musculus Linnaeus, 1758",Mus,0,Vertebrate
AB3S,2021-04-16,2,0.738,UCSB-IZC00046321,"Reithrodontomys megalotis Baird, 1857",Reithrodontomys,0,Vertebrate
AB3S,2021-04-16,2,0.738,UCSB-IZC00046321,Rodentia sp.,Rodentia,0,Vertebrate
AB3S,2021-04-16,2,0.738,UCSB-IZC00046321,"Thomomys bottae Eydoux and Gervais, 1836",Thomomys,0,Vertebrate
AB3S,2021-04-16,2,0.738,UCSB-IZC00046321,"Vespula sp. Thomson, 1869",Vespula,0,Invertebrate
AB3,2021-04-16,3.1,0.833,UCSB-IZC00046340,"Ammopelmatus sp. Tinkham, 1965",Ammopelmatus,0,Invertebrate
AB3,2021-04-16,3.1,0.833,UCSB-IZC00046340,"Armadillidium sp. Brandt, 1831",Armadillidium,69,Invertebrate
AB3,2021-04-16,3.1,0.833,UCSB-IZC00046340,"Calathus sp. Bonelli, 1810",Calathus,0,Invertebrate
AB3,2021-04-16,3.1,0.833,UCSB-IZC00046340,"Forficula auricularia Linnaeus, 1758",Forficula,72,Invertebrate
AB3,2021-04-16,3.1,0.833,UCSB-IZC00046340,"Mus musculus Linnaeus, 1758",Mus,0,Vertebrate
AB3,2021-04-16,3.1,0.833,UCSB-IZC00046340,"Reithrodontomys megalotis Baird, 1857",Reithrodontomys,0,Vertebrate
AB3,2021-04-16,3.1,0.833,UCSB-IZC00046340,Rodentia sp.,Rodentia,1,Vertebrate
AB3,2021-04-16,3.1,0.833,UCSB-IZC00046340,"Thomomys bottae Eydoux and Gervais, 1836",Thomomys,0,Vertebrate
AB3,2021-04-16,3.1,0.833,UCSB-IZC00046340,"Vespula sp. Thomson, 1869",Vespula,0,Invertebrate
AB2,2021-04-16,1.9,0.906,UCSB-IZC00046345,"Ammopelmatus sp. Tinkham, 1965",Ammopelmatus,0,Invertebrate
AB2,2021-04-16,1.9,0.906,UCSB-IZC00046345,"Armadillidium sp. Brandt, 1831",Armadillidium,0,Invertebrate
AB2,2021-04-16,1.9,0.906,UCSB-IZC00046345,"Calathus sp. Bonelli, 1810",Calathus,3,Invertebrate
AB2,2021-04-16,1.9,0.906,UCSB-IZC00046345,"Forficula auricularia Linnaeus, 1758",Forficula,18,Invertebrate
AB2,2021-04-16,1.9,0.906,UCSB-IZC00046345,"Mus musculus Linnaeus, 1758",Mus,0,Vertebrate
AB2,2021-04-16,1.9,0.906,UCSB-IZC00046345,"Reithrodontomys megalotis Baird, 1857",Reithrodontomys,1,Vertebrate
AB2,2021-04-16,1.9,0.906,UCSB-IZC00046345,Rodentia sp.,Rodentia,0,Vertebrate
AB2,2021-04-16,1.9,0.906,UCSB-IZC00046345,"Thomomys bottae Eydoux and Gervais, 1836",Thomomys,0,Vertebrate
AB2,2021-04-16,1.9,0.906,UCSB-IZC00046345,"Vespula sp. Thomson, 1869",Vespula,0,Invertebrate
AB2S,2020-02-12,NA,NA,UCSB-IZC00046358,"Ammopelmatus sp. Tinkham, 1965",Ammopelmatus,0,Invertebrate
AB2S,2020-02-12,NA,NA,UCSB-IZC00046358,"Armadillidium sp. Brandt, 1831",Armadillidium,0,Invertebrate
AB2S,2020-02-12,NA,NA,UCSB-IZC00046358,"Calathus sp. Bonelli, 1810",Calathus,1,Invertebrate
AB2S,2020-02-12,NA,NA,UCSB-IZC00046358,"Forficula auricularia Linnaeus, 1758",Forficula,13,Invertebrate
AB2S,2020-02-12,NA,NA,UCSB-IZC00046358,"Mus musculus Linnaeus, 1758",Mus,0,Vertebrate
AB2S,2020-02-12,NA,NA,UCSB-IZC00046358,"Reithrodontomys megalotis Baird, 1857",Reithrodontomys,0,Vertebrate
AB2S,2020-02-12,NA,NA,UCSB-IZC00046358,Rodentia sp.,Rodentia,2,Vertebrate
AB2S,2020-02-12,NA,NA,UCSB-IZC00046358,"Thomomys bottae Eydoux and Gervais, 1836",Thomomys,0,Vertebrate
AB2S,2020-02-12,NA,NA,UCSB-IZC00046358,"Vespula sp. Thomson, 1869",Vespula,0,Invertebrate
H31,2020-10-12,3.5,1.801,UCSB-IZC00046363,"Ammopelmatus sp. Tinkham, 1965",Ammopelmatus,0,Invertebrate
H31,2020-10-12,3.5,1.801,UCSB-IZC00046363,"Armadillidium sp. Brandt, 1831",Armadillidium,0,Invertebrate
H31,2020-10-12,3.5,1.801,UCSB-IZC00046363,"Calathus sp. Bonelli, 1810",Calathus,3,Invertebrate
H31,2020-10-12,3.5,1.801,UCSB-IZC00046363,"Forficula auricularia Linnaeus, 1758",Forficula,17,Invertebrate
H31,2020-10-12,3.5,1.801,UCSB-IZC00046363,"Mus musculus Linnaeus, 1758",Mus,2,Vertebrate
H31,2020-10-12,3.5,1.801,UCSB-IZC00046363,"Reithrodontomys megalotis Baird, 1857",Reithrodontomys,0,Vertebrate
H31,2020-10-12,3.5,1.801,UCSB-IZC00046363,Rodentia sp.,Rodentia,0,Vertebrate
H31,2020-10-12,3.5,1.801,UCSB-IZC00046363,"Thomomys bottae Eydoux and Gervais, 1836",Thomomys,0,Vertebrate
H31,2020-10-12,3.5,1.801,UCSB-IZC00046363,"Vespula sp. Thomson, 1869",Vespula,1,Invertebrate
Pyramid Rock,2020-12-21,NA,0.312,UCSB-IZC00046381,"Ammopelmatus sp. Tinkham, 1965",Ammopelmatus,0,Invertebrate
Pyramid Rock,2020-12-21,NA,0.312,UCSB-IZC00046381,"Armadillidium sp. Brandt, 1831",Armadillidium,0,Invertebrate
Pyramid Rock,2020-12-21,NA,0.312,UCSB-IZC00046381,"Calathus sp. Bonelli, 1810",Calathus,6,Invertebrate
Pyramid Rock,2020-12-21,NA,0.312,UCSB-IZC00046381,"Forficula auricularia Linnaeus, 1758",Forficula,29,Invertebrate
Pyramid Rock,2020-12-21,NA,0.312,UCSB-IZC00046381,"Mus musculus Linnaeus, 1758",Mus,0,Vertebrate
Pyramid Rock,2020-12-21,NA,0.312,UCSB-IZC00046381,"Reithrodontomys megalotis Baird, 1857",Reithrodontomys,0,Vertebrate
Pyramid Rock,2020-12-21,NA,0.312,UCSB-IZC00046381,Rodentia sp.,Rodentia,0,Vertebrate
Pyramid Rock,2020-12-21,NA,0.312,UCSB-IZC00046381,"Thomomys bottae Eydoux and Gervais, 1836",Thomomys,0,Vertebrate
Pyramid Rock,2020-12-21,NA,0.312,UCSB-IZC00046381,"Vespula sp. Thomson, 1869",Vespula,1,Invertebrate
AB3S,2021-04-16,2.8,0.97,UCSB-IZC00046453,"Ammopelmatus sp. Tinkham, 1965",Ammopelmatus,0,Invertebrate
AB3S,2021-04-16,2.8,0.97,UCSB-IZC00046453,"Armadillidium sp. Brandt, 1831",Armadillidium,4,Invertebrate
AB3S,2021-04-16,2.8,0.97,UCSB-IZC00046453,"Calathus sp. Bonelli, 1810",Calathus,0,Invertebrate
AB3S,2021-04-16,2.8,0.97,UCSB-IZC00046453,"Forficula auricularia Linnaeus, 1758",Forficula,22,Invertebrate
AB3S,2021-04-16,2.8,0.97,UCSB-IZC00046453,"Mus musculus Linnaeus, 1758",Mus,0,Vertebrate
AB3S,2021-04-16,2.8,0.97,UCSB-IZC00046453,"Reithrodontomys megalotis Baird, 1857",Reithrodontomys,5,Vertebrate
AB3S,2021-04-16,2.8,0.97,UCSB-IZC00046453,Rodentia sp.,Rodentia,0,Vertebrate
AB3S,2021-04-16,2.8,0.97,UCSB-IZC00046453,"Thomomys bottae Eydoux and Gervais, 1836",Thomomys,0,Vertebrate
AB3S,2021-04-16,2.8,0.97,UCSB-IZC00046453,"Vespula sp. Thomson, 1869",Vespula,0,Invertebrate
AB3S,2021-04-16,2.9,0.507,UCSB-IZC00046468,"Ammopelmatus sp. Tinkham, 1965",Ammopelmatus,0,Invertebrate
AB3S,2021-04-16,2.9,0.507,UCSB-IZC00046468,"Armadillidium sp. Brandt, 1831",Armadillidium,15,Invertebrate
AB3S,2021-04-16,2.9,0.507,UCSB-IZC00046468,"Calathus sp. Bonelli, 1810",Calathus,0,Invertebrate
AB3S,2021-04-16,2.9,0.507,UCSB-IZC00046468,"Forficula auricularia Linnaeus, 1758",Forficula,14,Invertebrate
AB3S,2021-04-16,2.9,0.507,UCSB-IZC00046468,"Mus musculus Linnaeus, 1758",Mus,0,Vertebrate
AB3S,2021-04-16,2.9,0.507,UCSB-IZC00046468,"Reithrodontomys megalotis Baird, 1857",Reithrodontomys,0,Vertebrate
AB3S,2021-04-16,2.9,0.507,UCSB-IZC00046468,Rodentia sp.,Rodentia,0,Vertebrate
AB3S,2021-04-16,2.9,0.507,UCSB-IZC00046468,"Thomomys bottae Eydoux and Gervais, 1836",Thomomys,0,Vertebrate
AB3S,2021-04-16,2.9,0.507,UCSB-IZC00046468,"Vespula sp. Thomson, 1869",Vespula,0,Invertebrate
H31,2020-12-21,3.2,0.754,UCSB-IZC00046741,"Ammopelmatus sp. Tinkham, 1965",Ammopelmatus,0,Invertebrate
H31,2020-12-21,3.2,0.754,UCSB-IZC00046741,"Armadillidium sp. Brandt, 1831",Armadillidium,0,Invertebrate
H31,2020-12-21,3.2,0.754,UCSB-IZC00046741,"Calathus sp. Bonelli, 1810",Calathus,14,Invertebrate
H31,2020-12-21,3.2,0.754,UCSB-IZC00046741,"Forficula auricularia Linnaeus, 1758",Forficula,12,Invertebrate
H31,2020-12-21,3.2,0.754,UCSB-IZC00046741,"Mus musculus Linnaeus, 1758",Mus,0,Vertebrate
H31,2020-12-21,3.2,0.754,UCSB-IZC00046741,"Reithrodontomys megalotis Baird, 1857",Reithrodontomys,2,Vertebrate
H31,2020-12-21,3.2,0.754,UCSB-IZC00046741,Rodentia sp.,Rodentia,0,Vertebrate
H31,2020-12-21,3.2,0.754,UCSB-IZC00046741,"Thomomys bottae Eydoux and Gervais, 1836",Thomomys,0,Vertebrate
H31,2020-12-21,3.2,0.754,UCSB-IZC00046741,"Vespula sp. Thomson, 1869",Vespula,0,Invertebrate
H32,2020-12-22,2.7,1.204,UCSB-IZC00046796,"Ammopelmatus sp. Tinkham, 1965",Ammopelmatus,0,Invertebrate
H32,2020-12-22,2.7,1.204,UCSB-IZC00046796,"Armadillidium sp. Brandt, 1831",Armadillidium,0,Invertebrate
H32,2020-12-22,2.7,1.204,UCSB-IZC00046796,"Calathus sp. Bonelli, 1810",Calathus,54,Invertebrate
H32,2020-12-22,2.7,1.204,UCSB-IZC00046796,"Forficula auricularia Linnaeus, 1758",Forficula,11,Invertebrate
H32,2020-12-22,2.7,1.204,UCSB-IZC00046796,"Mus musculus Linnaeus, 1758",Mus,0,Vertebrate
H32,2020-12-22,2.7,1.204,UCSB-IZC00046796,"Reithrodontomys megalotis Baird, 1857",Reithrodontomys,5,Vertebrate
H32,2020-12-22,2.7,1.204,UCSB-IZC00046796,Rodentia sp.,Rodentia,0,Vertebrate
H32,2020-12-22,2.7,1.204,UCSB-IZC00046796,"Thomomys bottae Eydoux and Gervais, 1836",Thomomys,0,Vertebrate
H32,2020-12-22,2.7,1.204,UCSB-IZC00046796,"Vespula sp. Thomson, 1869",Vespula,0,Invertebrate
Pyramid Rock,2020-12-22,3.3,0.902,UCSB-IZC00046831,"Ammopelmatus sp. Tinkham, 1965",Ammopelmatus,0,Invertebrate
Pyramid Rock,2020-12-22,3.3,0.902,UCSB-IZC00046831,"Armadillidium sp. Brandt, 1831",Armadillidium,0,Invertebrate
Pyramid Rock,2020-12-22,3.3,0.902,UCSB-IZC00046831,"Calathus sp. Bonelli, 1810",Calathus,31,Invertebrate
Pyramid Rock,2020-12-22,3.3,0.902,UCSB-IZC00046831,"Forficula auricularia Linnaeus, 1758",Forficula,28,Invertebrate
Pyramid Rock,2020-12-22,3.3,0.902,UCSB-IZC00046831,"Mus musculus Linnaeus, 1758",Mus,0,Vertebrate
Pyramid Rock,2020-12-22,3.3,0.902,UCSB-IZC00046831,"Reithrodontomys megalotis Baird, 1857",Reithrodontomys,0,Vertebrate
Pyramid Rock,2020-12-22,3.3,0.902,UCSB-IZC00046831,Rodentia sp.,Rodentia,2,Vertebrate
Pyramid Rock,2020-12-22,3.3,0.902,UCSB-IZC00046831,"Thomomys bottae Eydoux and Gervais, 1836",Thomomys,0,Vertebrate
Pyramid Rock,2020-12-22,3.3,0.902,UCSB-IZC00046831,"Vespula sp. Thomson, 1869",Vespula,0,Invertebrate
H31,2020-12-10,3.2,0.754,UCSB-IZC00046795,"Ammopelmatus sp. Tinkham, 1965",Ammopelmatus,0,Invertebrate
H31,2020-12-10,3.2,0.754,UCSB-IZC00046795,"Armadillidium sp. Brandt, 1831",Armadillidium,0,Invertebrate
H31,2020-12-10,3.2,0.754,UCSB-IZC00046795,"Calathus sp. Bonelli, 1810",Calathus,0,Invertebrate
H31,2020-12-10,3.2,0.754,UCSB-IZC00046795,"Forficula auricularia Linnaeus, 1758",Forficula,0,Invertebrate
H31,2020-12-10,3.2,0.754,UCSB-IZC00046795,"Mus musculus Linnaeus, 1758",Mus,0,Vertebrate
H31,2020-12-10,3.2,0.754,UCSB-IZC00046795,"Reithrodontomys megalotis Baird, 1857",Reithrodontomys,0,Vertebrate
H31,2020-12-10,3.2,0.754,UCSB-IZC00046795,Rodentia sp.,Rodentia,0,Vertebrate
H31,2020-12-10,3.2,0.754,UCSB-IZC00046795,"Thomomys bottae Eydoux and Gervais, 1836",Thomomys,0,Vertebrate
H31,2020-12-10,3.2,0.754,UCSB-IZC00046795,"Vespula sp. Thomson, 1869",Vespula,36,Invertebrate